{"assets/data/crossword_clues.json":["assets/data/crossword_clues.json"],"assets/data/crossword_generator.py":["assets/data/crossword_generator.py"],"assets/data/crossword_generator_v2.py":["assets/data/crossword_generator_v2.py"],"assets/data/crosswords.json":["assets/data/crosswords.json"],"assets/data/excel_to_json_converter.py":["assets/data/excel_to_json_converter.py"],"assets/data/topics.json":["assets/data/topics.json"],"assets/media/logo.png":["assets/media/logo.png"],"packages/cupertino_icons/assets/CupertinoIcons.ttf":["packages/cupertino_icons/assets/CupertinoIcons.ttf"]}